{"cameraMode":{"drawMode":0,"name":"Shaded","section":"Shading Mode"},"sceneLighting":true,"audioPlay":false,"sceneViewState":{"m_AlwaysRefresh":false,"showFog":true,"showSkybox":true,"showFlares":true,"showImageEffects":true,"showParticleSystems":true,"showVisualEffectGraphs":true,"m_FxEnabled":true},"in2DMode":false,"pivot":{"x":320.69268798828127,"y":264.2930908203125,"z":-9.338569641113282},"rotation":{"x":-0.01768431067466736,"y":-0.023998701944947244,"z":-0.00042459586984477937,"w":0.9995565414428711},"size":125.18131256103516,"orthographic":true}